<?xml version="1.0" encoding="utf-8"?>
<!DOCTYPE install SYSTEM "http://dev.joomla.org/xml/1.5/component-install.dtd">
<install method="upgrade" type="component" version="1.5.0">
    <name>Multi Install</name>
    <author>Chris Taylor</author>
    <authorEmail>chris@forgetso.com</authorEmail>
    <authorUrl>http://www.forgetso.com</authorUrl>
    <creationDate>2010-10-14</creationDate>
    <license>GNU/GPLv3 http://www.gnu.org/licenses/gpl-3.0.html</license>
    <version>1.0.1</version>
    <releaseDate>2010-12-23</releaseDate>
    <description>MULTIINSTALLDESC</description>

    <installfile></installfile>
    <uninstallfile></uninstallfile>
    <!-- Site Main File Copy Section -->




    <!-- administration part -->

    <administration>

    <menu img="components/com_multiinstall/images/installer16x16.png">Multi Install</menu>

    <files folder = "admin">
        <filename>multiinstall.php</filename>
        <filename>controller.php</filename>
        <filename>index.html</filename>
        <folder>models</folder>
        <folder>views</folder>
        <folder>images</folder>
    </files>

    <languages>
        <language tag="en-GB">language/admin/en-GB.com_multiinstall.ini</language>
    </languages>

    </administration>

</install>