<?xml version="1.0" encoding="utf-8"?>
<install version="1.5" type="component">
    <name>Dump</name>
    <author>J!Dump Team</author>
    <creationDate>January 2011</creationDate>
    <copyright>(c) J!Dump Team 2006 - 2011</copyright>
    <license>GNU/GPL</license>
    <authorEmail></authorEmail>
    <authorUrl>http://joomlacode.org/gf/project/jdump/</authorUrl>
    <version>1.1.3</version>
    <description>J!Dump -- Advanced print_r and var_dump replacer with DHTML tree display.</description>
    <files folder="site">
        <filename>dump.php</filename>
        <filename>views/tree/metadata.xml</filename>
        <filename>views/tree/tmpl/default.xml</filename>
    </files>
    <administration>
        <files folder="admin">
            <filename>admin.dump.php</filename>
            <filename>changelog.php</filename>
            <filename>config.xml</filename>
            <filename>controller.php</filename>
            <filename>defines.php</filename>
            <filename>helper.php</filename>
            <filename>installation.php</filename>
            <filename>readme.php</filename>

            <filename>assets/css/dump.css</filename>
            <filename>assets/css/folder-tree-static.css</filename>
            <filename>assets/images/array.gif</filename>
            <filename>assets/images/boolean.gif</filename>
            <filename>assets/images/close.png</filename>
            <filename>assets/images/collapseall.png</filename>
            <filename>assets/images/dhtmlgoodies_minus.gif</filename>
            <filename>assets/images/dhtmlgoodies_plus.gif</filename>
            <filename>assets/images/double.gif</filename>
            <filename>assets/images/expandall.png</filename>
            <filename>assets/images/float.gif</filename>
            <filename>assets/images/integer.gif</filename>
            <filename>assets/images/locked.png</filename>
            <filename>assets/images/message.gif</filename>
            <filename>assets/images/method.gif</filename>
            <filename>assets/images/methods.gif</filename>
            <filename>assets/images/null.gif</filename>
            <filename>assets/images/object.gif</filename>
            <filename>assets/images/properties.gif</filename>
            <filename>assets/images/refresh.png</filename>
            <filename>assets/images/resource.gif</filename>
            <filename>assets/images/string.gif</filename>
            <filename>assets/images/unlocked.png</filename>

            <filename>assets/js/folder-tree-static.js</filename>

            <filename>models/about.php</filename>
            <filename>models/tree.php</filename>

            <filename>views/about/view.html.php</filename>
            <filename>views/about/tmpl/default.php</filename>
            <filename>views/tree/view.html.php</filename>
            <filename>views/tree/tmpl/default.php</filename>
        </files>
        <menu>J!Dump</menu>
    </administration>
</install>
