<?xml version="1.0" encoding="utf-8"?>
<install version="1.5" type="plugin" group="system" method="upgrade">
	<name>JFirePHP</name>
	<creationDate>2010-01-31</creationDate>
	<author>Kunena Team</author>
	<authorEmail>oliver@kunena.com</authorEmail>
	<authorUrl>http://www.kunena.com</authorUrl>
	<copyright>(c) 2010 Kunena Team, All rights reserved</copyright>
	<license>GNU/GPL</license>
	<version>1.0.1</version>
	<versionname>Squash Bug</versionname>
	<build>54</build>
	<description>JFirePHP
	Joomla 1.5 system plugin to extend JError through FirePHP
	Output Joomla Errors, Warnings and Notices to FireBug console when in debug mode.
	For more information about FirePHP see: http://www.firephp.org/HQ/Use.html - FirePHP Headquarters.
	</description>
	<languages>
	</languages>
	<files>
		<file plugin="jfirephp">jfirephp.php</file>
		<folder>jfirephp</folder>
	</files>
	<params>
		<param name="enable" type="radio" default="1" label="Enable JFirePHP" description="Enable Joomla integartion for FirePHPCore">
			<option value="1">Yes</option>
			<option value="0">No</option>
		</param>
		<param name="verbose" type="radio" default="0" label="Verbose Output" description="Verbose detailed messages from JFirePHP">
			<option value="1">Yes</option>
			<option value="0">No</option>
		</param>
		<param name="redirectphp" type="radio" default="1" label="Redirect PHP Errors, Warnings and Notices" description="Redirect PHP Errors, Warnings and Notices to FirePHP console (Firebug and FirePHP inside of Firefox 3.x+ are required)">
			<option value="1">Yes</option>
			<option value="0">No</option>
		</param>
		<param name="limittodebug" type="radio" default="1" label="Limit functionality to Joomla debug mode" description="Limit functionality to Joomla debug mode. Only when Joomla debug is enabled, FirePHP will be engaged.">
			<option value="1">Yes</option>
			<option value="0">No</option>
		</param>
		<param name="maxObjectDepth" type="text" default="10" label="maxObjectDepth" description="FirePHP option: maxObjectDepth (default: 10)">
		</param>
		<param name="maxArrayDepth" type="text" default="20" label="maxArrayDepth" description="FirePHP option: maxArrayDepth (default: 20)">
		</param>
		<param name="useNativeJsonEncode" type="radio" default="1" label="useNativeJsonEncode" description="FirePHP option: useNativeJsonEncode (default: Yes)">
			<option value="1">Yes</option>
			<option value="0">No</option>
		</param>
		<param name="includeLineNumbers" type="radio" default="1" label="includeLineNumbers" description="FirePHP option: includeLineNumbers (default: Yes)">
			<option value="1">Yes</option>
			<option value="0">No</option>
		</param>
	</params>
</install>
